<?xml version="1.0" encoding="UTF-8" ?>
<document>
<!--The data in this file is primarily intended for consumption by Xilinx tools.
The structure and the elements are likely to change over the next few releases.
This means code written to parse this file will need to be revisited each subsequent release.-->
<application name="pa" timeStamp="Sun Apr 30 23:24:47 2023">
<section name="Project Information" visible="false">
<property name="ProjectID" value="83a255a6a5fd4312ab70754fe2be585e" type="ProjectID"/>
<property name="ProjectIteration" value="1" type="ProjectIteration"/>
</section>
<section name="PlanAhead Usage" visible="true">
<item name="Project Data">
<property name="SrcSetCount" value="1" type="SrcSetCount"/>
<property name="ConstraintSetCount" value="1" type="ConstraintSetCount"/>
<property name="DesignMode" value="RTL" type="DesignMode"/>
<property name="SynthesisStrategy" value="Vivado Synthesis Defaults" type="SynthesisStrategy"/>
<property name="ImplStrategy" value="Vivado Implementation Defaults" type="ImplStrategy"/>
</item>
<item name="Java Command Handlers">
<property name="EditDelete" value="1" type="JavaHandler"/>
<property name="NewProject" value="1" type="JavaHandler"/>
<property name="SimulationRun" value="4" type="JavaHandler"/>
</item>
<item name="Gui Resources Info">
<property name="FINISH, Finish" value="1" type="GuiResourceData"/>
<property name="NEXT, Next " value="11" type="GuiResourceData"/>
<property name="PAResourceAtoD.CmdMsgDialog_OK, OK" value="2" type="GuiResourceData"/>
<property name="PAResourceAtoD.CreateSrcFileDialog_FILE_NAME, Tek_port_ram" value="1" type="GuiResourceData"/>
<property name="PAResourceAtoD.DefineModulesDialog_DEFINE_MODULES_AND_SPECIFY_IO_PORTS,  ; input ; false ; 0 ; 0, 0, (String" value="1" type="GuiResourceData"/>
<property name="PAResourceAtoD.DefineModulesDialog_DEFINE_MODULES_AND_SPECIFY_IO_PORTS,  ; input ; false ; 0 ; 0, 1, (String" value="1" type="GuiResourceData"/>
<property name="PAResourceAtoD.DefineModulesDialog_DEFINE_MODULES_AND_SPECIFY_IO_PORTS,  ; input ; false ; 0 ; 0, 2, (String" value="1" type="GuiResourceData"/>
<property name="PAResourceAtoD.DefineModulesDialog_DEFINE_MODULES_AND_SPECIFY_IO_PORTS,  ; input ; false ; 0 ; 0, 3, (String" value="1" type="GuiResourceData"/>
<property name="PAResourceAtoD.DefineModulesDialog_DEFINE_MODULES_AND_SPECIFY_IO_PORTS,  ; input ; false ; 0 ; 0, 4, (String" value="1" type="GuiResourceData"/>
<property name="PAResourceAtoD.DefineModulesDialog_DEFINE_MODULES_AND_SPECIFY_IO_PORTS,  ; input ; false ; 0 ; 0, 5, (String" value="1" type="GuiResourceData"/>
<property name="PAResourceAtoD.DefineModulesDialog_DEFINE_MODULES_AND_SPECIFY_IO_PORTS,  ; input ; false ; 0 ; 0, 6, (String" value="1" type="GuiResourceData"/>
<property name="PAResourceAtoD.DefineModulesDialog_DEFINE_MODULES_AND_SPECIFY_IO_PORTS,  ; input ; false ; 0 ; 0, 7, (String" value="1" type="GuiResourceData"/>
<property name="PAResourceAtoD.DefineModulesDialog_DEFINE_MODULES_AND_SPECIFY_IO_PORTS, 0, 1, MSB, 3" value="7" type="GuiResourceData"/>
<property name="PAResourceAtoD.DefineModulesDialog_DEFINE_MODULES_AND_SPECIFY_IO_PORTS, 0, 3, MSB, 3" value="1" type="GuiResourceData"/>
<property name="PAResourceAtoD.DefineModulesDialog_DEFINE_MODULES_AND_SPECIFY_IO_PORTS, 15, 1, MSB, 3" value="1" type="GuiResourceData"/>
<property name="PAResourceAtoD.DefineModulesDialog_DEFINE_MODULES_AND_SPECIFY_IO_PORTS, 15, 2, MSB, 3" value="1" type="GuiResourceData"/>
<property name="PAResourceAtoD.DefineModulesDialog_DEFINE_MODULES_AND_SPECIFY_IO_PORTS, 15, 3, MSB, 3" value="1" type="GuiResourceData"/>
<property name="PAResourceAtoD.DefineModulesDialog_DEFINE_MODULES_AND_SPECIFY_IO_PORTS, 15, 6, MSB, 3" value="1" type="GuiResourceData"/>
<property name="PAResourceAtoD.DefineModulesDialog_DEFINE_MODULES_AND_SPECIFY_IO_PORTS, Addr ; input ; false ; 0 ; 0, 3, Addr, 0" value="1" type="GuiResourceData"/>
<property name="PAResourceAtoD.DefineModulesDialog_DEFINE_MODULES_AND_SPECIFY_IO_PORTS, Addr, 3, Port Name, 0" value="1" type="GuiResourceData"/>
<property name="PAResourceAtoD.DefineModulesDialog_DEFINE_MODULES_AND_SPECIFY_IO_PORTS, Data_in ; input ; false ; 0 ; 0, 1, Data_in, 0" value="1" type="GuiResourceData"/>
<property name="PAResourceAtoD.DefineModulesDialog_DEFINE_MODULES_AND_SPECIFY_IO_PORTS, Data_in, 1, Port Name, 0" value="1" type="GuiResourceData"/>
<property name="PAResourceAtoD.DefineModulesDialog_DEFINE_MODULES_AND_SPECIFY_IO_PORTS, Data_out ; input ; false ; 0 ; 0, 2, Data_out, 0" value="1" type="GuiResourceData"/>
<property name="PAResourceAtoD.DefineModulesDialog_DEFINE_MODULES_AND_SPECIFY_IO_PORTS, Data_out, 2, Port Name, 0" value="1" type="GuiResourceData"/>
<property name="PAResourceAtoD.DefineModulesDialog_DEFINE_MODULES_AND_SPECIFY_IO_PORTS, Ee ; input ; false ; 0 ; 0, 4, Ee, 0" value="1" type="GuiResourceData"/>
<property name="PAResourceAtoD.DefineModulesDialog_DEFINE_MODULES_AND_SPECIFY_IO_PORTS, Ee, 4, Port Name, 0" value="1" type="GuiResourceData"/>
<property name="PAResourceAtoD.DefineModulesDialog_DEFINE_MODULES_AND_SPECIFY_IO_PORTS, addr ; input ; false ; 0 ; 0, 3, false, 2" value="1" type="GuiResourceData"/>
<property name="PAResourceAtoD.DefineModulesDialog_DEFINE_MODULES_AND_SPECIFY_IO_PORTS, addr ; input ; true ; 0 ; 0, 3, 0, 3" value="1" type="GuiResourceData"/>
<property name="PAResourceAtoD.DefineModulesDialog_DEFINE_MODULES_AND_SPECIFY_IO_PORTS, addr, 3, Port Name, 0" value="1" type="GuiResourceData"/>
<property name="PAResourceAtoD.DefineModulesDialog_DEFINE_MODULES_AND_SPECIFY_IO_PORTS, clk, 0, Port Name, 0" value="1" type="GuiResourceData"/>
<property name="PAResourceAtoD.DefineModulesDialog_DEFINE_MODULES_AND_SPECIFY_IO_PORTS, data_in ; input ; false ; 0 ; 0, 1, false, 2" value="1" type="GuiResourceData"/>
<property name="PAResourceAtoD.DefineModulesDialog_DEFINE_MODULES_AND_SPECIFY_IO_PORTS, data_in ; input ; true ; 0 ; 0, 1, 0, 3" value="2" type="GuiResourceData"/>
<property name="PAResourceAtoD.DefineModulesDialog_DEFINE_MODULES_AND_SPECIFY_IO_PORTS, data_in, 1, Port Name, 0" value="1" type="GuiResourceData"/>
<property name="PAResourceAtoD.DefineModulesDialog_DEFINE_MODULES_AND_SPECIFY_IO_PORTS, data_out ; input ; false ; 0 ; 0, 2, false, 2" value="1" type="GuiResourceData"/>
<property name="PAResourceAtoD.DefineModulesDialog_DEFINE_MODULES_AND_SPECIFY_IO_PORTS, data_out ; input ; false ; 0 ; 0, 6, input, 1" value="1" type="GuiResourceData"/>
<property name="PAResourceAtoD.DefineModulesDialog_DEFINE_MODULES_AND_SPECIFY_IO_PORTS, data_out ; input ; true ; 0 ; 0, 2, 0, 3" value="1" type="GuiResourceData"/>
<property name="PAResourceAtoD.DefineModulesDialog_DEFINE_MODULES_AND_SPECIFY_IO_PORTS, data_out ; output ; false ; 0 ; 0, 6, false, 2" value="1" type="GuiResourceData"/>
<property name="PAResourceAtoD.DefineModulesDialog_DEFINE_MODULES_AND_SPECIFY_IO_PORTS, data_out ; output ; true ; 0 ; 0, 6, 0, 3" value="1" type="GuiResourceData"/>
<property name="PAResourceAtoD.DefineModulesDialog_DEFINE_MODULES_AND_SPECIFY_IO_PORTS, data_out, 2, Port Name, 0" value="1" type="GuiResourceData"/>
<property name="PAResourceAtoD.DefineModulesDialog_DEFINE_MODULES_AND_SPECIFY_IO_PORTS, data_out, 6, Port Name, 0" value="1" type="GuiResourceData"/>
<property name="PAResourceAtoD.DefineModulesDialog_DEFINE_MODULES_AND_SPECIFY_IO_PORTS, output, 6, Direction, 1" value="1" type="GuiResourceData"/>
<property name="PAResourceAtoD.DefineModulesDialog_DEFINE_MODULES_AND_SPECIFY_IO_PORTS, re, 5, Port Name, 0" value="1" type="GuiResourceData"/>
<property name="PAResourceAtoD.DefineModulesDialog_DEFINE_MODULES_AND_SPECIFY_IO_PORTS, we, 4, Port Name, 0" value="1" type="GuiResourceData"/>
<property name="PAResourceCommand.PACommandNames_AUTO_UPDATE_HIER, Hierarchy Update" value="3" type="GuiResourceData"/>
<property name="PAResourceCommand.PACommandNames_SIMULATION_RUN_BEHAVIORAL, Run Behavioral Simulation" value="4" type="GuiResourceData"/>
<property name="PAResourceEtoH.FileSetPanel_FILE_SET_PANEL_TREE, [root, Constraints], 2, true" value="2" type="GuiResourceData"/>
<property name="PAResourceEtoH.FileSetPanel_FILE_SET_PANEL_TREE, [root, Constraints], 2, true, false, false, false, false, true" value="1" type="GuiResourceData"/>
<property name="PAResourceEtoH.FileSetPanel_FILE_SET_PANEL_TREE, [root, Design Sources, Tek_port_ram (Tek_port_ram.v" value="9" type="GuiResourceData"/>
<property name="PAResourceEtoH.FileSetPanel_FILE_SET_PANEL_TREE, [root, Simulation Sources], 3, true" value="1" type="GuiResourceData"/>
<property name="PAResourceEtoH.FlowNavigatorTreePanel_FLOW_NAVIGATOR_TREE, [, Simulation, Run Simulation], 11, false" value="4" type="GuiResourceData"/>
<property name="PAResourceEtoH.GettingStartedView_CREATE_NEW_PROJECT, Create New Project" value="1" type="GuiResourceData"/>
<property name="PAResourceOtoP.PartChooser_BOARDS, Artix-7 AC701 Evaluation Platform ; xilinx.com ; 1.1 ; xc7a200tfbg676-2 ; 676 ; 1.3 ; 365 ; 740 ; 269200 ; 8 ; 8 ; 400 ; 134600 ; 10 ; 1 ; 85 ; 0 ; 85 ; C ; 1.05 ; 0.95 ; 0.95 ; 0 ; 0 ; 0 ; 0 ; 0, 1, Artix-7 AC701 Evaluation Platform, 0" value="1" type="GuiResourceData"/>
<property name="PAResourceOtoP.PartChooser_BOARDS, Boards" value="1" type="GuiResourceData"/>
<property name="PAResourceOtoP.ProjectNameChooser_CHOOSE_PROJECT_LOCATION, (String" value="1" type="GuiResourceData"/>
<property name="PAResourceOtoP.ProjectNameChooser_PROJECT_NAME, Tek_port_ram" value="2" type="GuiResourceData"/>
<property name="PAResourceOtoP.ProjectNameChooser_PROJECT_NAME, Tek_port_ram1" value="1" type="GuiResourceData"/>
<property name="PAResourceQtoS.RemoveSourcesDialog_ALSO_DELETE, Also delete the project local file/directory from disk, true" value="1" type="GuiResourceData"/>
<property name="PAResourceQtoS.SrcChooserPanel_CREATE_FILE, Create File" value="1" type="GuiResourceData"/>
<property name="PAResourceQtoS.SrcMenu_IP_HIERARCHY, IP Hierarchy" value="1" type="GuiResourceData"/>
<property name="RDIResource.AbstractCombinedPanel_ADD_ELEMENT, Add Definition" value="2" type="GuiResourceData"/>
<property name="RDIResource.AbstractCombinedPanel_REMOVE_SELECTED_ELEMENTS, Remove" value="1" type="GuiResourceData"/>
<property name="RDIResource.BaseDialog_OK, OK" value="2" type="GuiResourceData"/>
<property name="RDIResource.HFolderChooserHelpers_UP_ONE_LEVEL, (String" value="7" type="GuiResourceData"/>
<property name="RDIResourceCommand.RDICommands_DELETE, Remove File from Project..." value="1" type="GuiResourceData"/>
<property name="Tek_port_ram.v, 1, 146" value="1" type="GuiResourceData"/>
<property name="Tek_port_ram.v, 106, 89" value="1" type="GuiResourceData"/>
<property name="Tek_port_ram.v, 106, 95" value="1" type="GuiResourceData"/>
<property name="Tek_port_ram.v, 138, 279" value="1" type="GuiResourceData"/>
<property name="Tek_port_ram.v, 140, 276" value="1" type="GuiResourceData"/>
<property name="Tek_port_ram.v, 149, 277" value="1" type="GuiResourceData"/>
<property name="Tek_port_ram.v, 168, 170" value="1" type="GuiResourceData"/>
<property name="Tek_port_ram.v, 168, 171" value="1" type="GuiResourceData"/>
<property name="Tek_port_ram.v, 168, 171, false, false, false, false, true" value="1" type="GuiResourceData"/>
<property name="Tek_port_ram.v, 176, 212" value="1" type="GuiResourceData"/>
<property name="Tek_port_ram.v, 178, 211" value="1" type="GuiResourceData"/>
<property name="Tek_port_ram.v, 178, 211, false, false, false, false, true" value="1" type="GuiResourceData"/>
<property name="Tek_port_ram.v, 18, 332" value="1" type="GuiResourceData"/>
<property name="Tek_port_ram.v, 183, 335" value="1" type="GuiResourceData"/>
<property name="Tek_port_ram.v, 190, 194" value="1" type="GuiResourceData"/>
<property name="Tek_port_ram.v, 196, 231" value="1" type="GuiResourceData"/>
<property name="Tek_port_ram.v, 199, 347" value="1" type="GuiResourceData"/>
<property name="Tek_port_ram.v, 201, 190" value="1" type="GuiResourceData"/>
<property name="Tek_port_ram.v, 202, 187" value="1" type="GuiResourceData"/>
<property name="Tek_port_ram.v, 203, 335" value="1" type="GuiResourceData"/>
<property name="Tek_port_ram.v, 205, 147" value="2" type="GuiResourceData"/>
<property name="Tek_port_ram.v, 205, 147, false, false, false, false, true" value="1" type="GuiResourceData"/>
<property name="Tek_port_ram.v, 205, 152" value="1" type="GuiResourceData"/>
<property name="Tek_port_ram.v, 207, 147" value="1" type="GuiResourceData"/>
<property name="Tek_port_ram.v, 212, 98" value="1" type="GuiResourceData"/>
<property name="Tek_port_ram.v, 221, 181" value="1" type="GuiResourceData"/>
<property name="Tek_port_ram.v, 222, 159" value="1" type="GuiResourceData"/>
<property name="Tek_port_ram.v, 223, 108" value="1" type="GuiResourceData"/>
<property name="Tek_port_ram.v, 223, 123" value="1" type="GuiResourceData"/>
<property name="Tek_port_ram.v, 225, 145" value="1" type="GuiResourceData"/>
<property name="Tek_port_ram.v, 229, 184" value="1" type="GuiResourceData"/>
<property name="Tek_port_ram.v, 243, 211" value="1" type="GuiResourceData"/>
<property name="Tek_port_ram.v, 254, 173" value="1" type="GuiResourceData"/>
<property name="Tek_port_ram.v, 256, 174" value="1" type="GuiResourceData"/>
<property name="Tek_port_ram.v, 264, 180" value="1" type="GuiResourceData"/>
<property name="Tek_port_ram.v, 266, 139" value="1" type="GuiResourceData"/>
<property name="Tek_port_ram.v, 27, 195" value="1" type="GuiResourceData"/>
<property name="Tek_port_ram.v, 282, 330" value="1" type="GuiResourceData"/>
<property name="Tek_port_ram.v, 314, 221" value="1" type="GuiResourceData"/>
<property name="Tek_port_ram.v, 321, 148" value="1" type="GuiResourceData"/>
<property name="Tek_port_ram.v, 326, 279" value="1" type="GuiResourceData"/>
<property name="Tek_port_ram.v, 346, 283" value="1" type="GuiResourceData"/>
<property name="Tek_port_ram.v, 411, 361" value="1" type="GuiResourceData"/>
<property name="Tek_port_ram.v, 5, 128" value="1" type="GuiResourceData"/>
<property name="Tek_port_ram.v, 54, 212" value="1" type="GuiResourceData"/>
<property name="Tek_port_ram.v, 57, 105" value="1" type="GuiResourceData"/>
<property name="Tek_port_ram.v, 57, 294" value="1" type="GuiResourceData"/>
<property name="Tek_port_ram.v, 58, 311" value="1" type="GuiResourceData"/>
<property name="Tek_port_ram.v, 58, 315" value="1" type="GuiResourceData"/>
<property name="Tek_port_ram.v, 60, 312" value="1" type="GuiResourceData"/>
<property name="Tek_port_ram.v, 62, 296" value="1" type="GuiResourceData"/>
<property name="Tek_port_ram.v, 63, 225" value="1" type="GuiResourceData"/>
<property name="Tek_port_ram.v, 63, 265" value="1" type="GuiResourceData"/>
<property name="Tek_port_ram.v, 65, 282" value="1" type="GuiResourceData"/>
<property name="Tek_port_ram.v, 66, 244" value="1" type="GuiResourceData"/>
<property name="Tek_port_ram.v, 66, 250" value="1" type="GuiResourceData"/>
<property name="Tek_port_ram.v, 66, 262" value="1" type="GuiResourceData"/>
<property name="Tek_port_ram.v, 66, 264, false, false, false, false, true" value="1" type="GuiResourceData"/>
<property name="Tek_port_ram.v, 66, 268" value="1" type="GuiResourceData"/>
<property name="Tek_port_ram.v, 67, 319" value="1" type="GuiResourceData"/>
<property name="Tek_port_ram.v, 68, 261" value="1" type="GuiResourceData"/>
<property name="Tek_port_ram.v, 69, 228" value="1" type="GuiResourceData"/>
<property name="Tek_port_ram.v, 70, 263" value="1" type="GuiResourceData"/>
<property name="Tek_port_ram.v, 71, 246" value="1" type="GuiResourceData"/>
<property name="Tek_port_ram.v, 71, 251" value="1" type="GuiResourceData"/>
<property name="Tek_port_ram.v, 71, 329" value="1" type="GuiResourceData"/>
<property name="Tek_port_ram.v, 73, 145" value="1" type="GuiResourceData"/>
<property name="Tek_port_ram.v, 76, 113" value="1" type="GuiResourceData"/>
<property name="Tek_port_ram.v, 76, 229" value="1" type="GuiResourceData"/>
<property name="Tek_port_ram.v, 76, 244" value="1" type="GuiResourceData"/>
<property name="Tek_port_ram.v, 76, 329" value="1" type="GuiResourceData"/>
<property name="Tek_port_ram.v, 77, 229, false, false, false, false, true" value="1" type="GuiResourceData"/>
<property name="Tek_port_ram.v, 82, 89" value="1" type="GuiResourceData"/>
<property name="Tek_port_ram.v, 90, 122" value="1" type="GuiResourceData"/>
</item>
<item name="Other">
<property name="GuiMode" value="50" type="GuiMode"/>
<property name="BatchMode" value="0" type="BatchMode"/>
<property name="TclMode" value="41" type="TclMode"/>
</item>
</section>
</application>
</document>
